0,1,1,1
0,2,2,1
0,3,3,1
0,4,4,1
0,5,5,1
0,6,6,1
0,7,7,1
0,8,8,1
0,9,9,1
0,10,10,1
0,11,11,1
0,12,12,1
0,13,13,1
0,14,14,1
0,15,15,1
0,16,16,1
0,17,17,1
0,18,18,1
0,19,19,1
0,20,20,1
0,21,21,1
0,22,22,1
0,23,23,1
0,24,24,1
0,25,25,1
0,26,26,1
0,27,27,1
0,28,28,1
0,29,29,1
0,30,30,1
0,31,31,1
0,32,32,1
0,33,33,1
0,34,34,1
0,35,35,1
0,36,36,1
0,37,37,1
0,38,38,1
0,39,39,1
0,40,40,1
0,41,41,1
0,42,42,1
0,43,43,1
0,44,44,1
0,45,45,1
0,46,46,1
0,47,47,1
0,48,48,1
0,49,49,1
0,50,50,1
0,51,51,1
0,52,52,1
0,53,53,1
0,54,54,1
0,55,55,1
0,56,56,1
0,57,57,1
0,58,58,1
0,59,59,1
0,60,60,1
0,61,61,1
0,62,62,1
0,63,63,1
0,64,64,1
0,65,65,1
0,66,66,1
0,67,67,1
0,68,68,1
0,69,69,1
0,70,70,1
0,71,71,1
0,72,72,1
0,73,73,1
0,74,74,1
0,75,75,1
0,76,76,1
0,77,77,1
0,78,78,1
0,79,79,1
0,80,80,1
0,81,81,1
0,82,82,1
0,83,83,1
0,84,84,1
0,85,85,1
0,86,86,1
0,87,87,1
0,88,88,1
0,89,89,1
0,90,90,1
0,91,91,1
0,92,92,1
0,93,93,1
0,94,94,1
0,95,95,1
0,96,96,1
0,97,97,1
0,98,98,1
0,99,99,1
0,100,100,1
0,101,101,1
0,102,102,1
0,103,103,1
0,104,104,1
0,105,105,1
0,106,106,1
0,107,107,1
0,108,108,1
0,109,109,1
0,110,110,1
0,111,111,1
0,112,112,1
0,113,113,1
0,114,114,1
0,115,115,1
0,116,116,1
0,117,117,1
0,118,118,1
0,119,119,1
0,120,120,1
0,121,121,1
0,122,122,1
0,123,123,1
0,124,124,1
0,125,125,1
0,126,126,1
0,127,127,1
0,128,128,1
0,129,129,1
0,130,130,1
0,131,131,1
0,132,132,1
0,133,133,1
0,134,134,1
0,135,135,1
0,136,136,1
0,137,137,1
0,138,138,1
0,139,139,1
0,140,140,1
0,141,141,1
0,142,142,1
0,143,143,1
0,144,144,1
0,145,145,1
0,146,146,1
0,147,147,1
0,148,148,1
0,149,149,1
0,150,150,1
0,151,151,1
0,152,152,1
0,153,153,1
0,154,154,1
0,155,155,1
0,156,156,1
0,157,157,1
0,158,158,1
0,159,159,1
0,160,160,1
0,161,161,1
0,162,162,1
0,163,163,1
0,164,164,1
0,165,165,1
0,166,166,1
0,167,167,1
0,168,168,1
0,169,169,1
0,170,170,1
0,171,171,1
0,172,172,1
0,173,173,1
0,174,174,1
0,175,175,1
0,176,176,1
0,177,177,1
0,178,178,1
0,179,179,1
0,180,180,1
0,181,181,1
0,182,182,1
0,183,183,1
0,184,184,1
0,185,185,1
0,186,186,1
0,187,187,1
0,188,188,1
0,189,189,1
0,190,190,1
0,191,191,1
0,192,192,1
0,193,193,1
0,194,194,1
0,195,195,1
0,196,196,1
0,197,197,1
0,198,198,1
0,199,199,1
0,200,200,1
0,201,201,1
1,1,2,1
2,2,4,1
3,1,4,1
3,2,5,1
3,3,6,1
6,2,8,1
7,1,8,1
7,2,9,1
7,3,10,1
7,4,11,1
8,2,10,1
8,3,11,1
9,3,12,1
9,4,13,1
9,5,14,1
10,6,16,1
11,5,16,1
11,6,17,1
11,7,18,1
14,2,16,1
14,3,17,1
14,4,18,1
14,5,19,1
14,6,20,1
15,1,16,1
15,2,17,1
15,3,18,1
15,4,19,1
15,5,20,2
15,6,21,1
15,7,22,1
15,8,23,1
16,2,18,1
16,6,22,1
16,7,23,1
17,3,20,1
17,4,21,1
17,5,22,1
17,6,23,1
17,7,24,1
17,8,25,1
17,9,26,1
18,2,20,1
18,3,21,1
18,4,22,2
18,5,23,1
18,10,28,1
19,3,22,1
19,9,28,1
19,10,29,1
19,11,30,1
20,4,24,1
20,5,25,1
20,6,26,1
21,3,24,1
21,5,26,1
22,4,26,1
22,8,30,1
22,9,31,1
22,10,32,1
23,4,27,1
23,5,28,1
23,6,29,1
23,7,30,1
23,8,31,1
23,9,32,2
23,10,33,1
23,11,34,1
23,12,35,1
24,5,29,1
24,10,34,1
24,11,35,1
25,8,33,1
25,9,34,1
25,10,35,1
25,11,36,1
25,12,37,1
25,13,38,1
26,6,32,1
26,7,33,1
26,8,34,1
26,9,35,1
26,14,40,1
27,13,40,1
27,14,41,1
27,15,42,1
28,8,36,1
28,9,37,1
28,10,38,1
29,7,36,1
29,8,37,1
29,9,38,1
30,2,32,1
30,3,33,1
30,4,34,1
30,5,35,1
30,6,36,1
30,7,37,1
30,8,38,1
30,9,39,1
30,10,40,1
30,11,41,1
30,12,42,1
30,13,43,1
30,14,44,1
31,1,32,1
31,2,33,1
31,3,34,2
31,4,35,1
31,5,36,2
31,6,37,1
31,7,38,1
31,8,39,2
31,9,40,2
31,10,41,2
31,11,42,1
31,12,43,1
31,13,44,2
31,14,45,1
31,15,46,1
31,16,47,1
32,2,34,1
32,4,36,1
32,6,38,1
32,7,39,1
32,8,40,1
32,9,41,1
32,14,46,1
32,15,47,1
33,3,36,1
33,4,37,1
33,5,38,1
33,7,40,1
33,12,45,1
33,13,46,1
33,14,47,1
33,15,48,1
33,16,49,1
33,17,50,1
34,2,36,1
34,3,37,1
34,4,38,1
34,6,40,1
34,8,42,1
34,9,43,1
34,10,44,1
34,11,45,1
34,12,46,1
34,13,47,1
34,18,52,1
35,5,40,1
35,7,42,1
35,8,43,1
35,9,44,1
35,17,52,1
35,18,53,1
35,19,54,1
36,6,42,1
36,12,48,1
36,13,49,1
36,14,50,1
37,3,40,1
37,5,42,1
37,6,43,1
37,7,44,2
37,8,45,2
37,9,46,1
37,10,47,1
37,11,48,1
37,12,49,1
37,13,50,1
38,2,40,1
38,3,41,1
38,4,42,2
38,5,43,1
38,6,44,2
38,7,45,1
38,8,46,1
38,9,47,1
38,16,54,1
38,17,55,1
38,18,56,1
39,3,42,1
39,4,43,1
39,5,44,1
39,7,46,1
39,9,48,1
39,12,51,1
39,13,52,1
39,14,53,1
39,15,54,1
39,16,55,1
39,17,56,2
39,18,57,1
39,19,58,1
39,20,59,1
40,4,44,2
40,5,45,2
40,6,46,2
40,8,48,1
40,10,50,1
40,11,51,1
40,12,52,1
40,13,53,1
40,18,58,1
40,19,59,1
41,3,44,1
41,4,45,1
41,5,46,1
41,7,48,1
41,10,51,1
41,11,52,1
41,16,57,1
41,17,58,1
41,18,59,1
41,19,60,1
41,20,61,1
41,21,62,1
42,6,48,1
42,7,49,1
42,8,50,1
42,9,51,1
42,12,54,1
42,13,55,1
42,14,56,1
42,15,57,1
42,16,58,1
42,17,59,1
42,22,64,1
43,11,54,1
43,12,55,1
43,13,56,1
43,21,64,1
43,22,65,1
43,23,66,1
44,4,48,1
44,5,49,1
44,6,50,1
44,10,54,1
44,16,60,1
44,17,61,1
44,18,62,1
45,3,48,1
45,4,49,1
45,5,50,2
45,6,51,1
45,7,52,1
45,9,54,1
45,12,57,1
45,15,60,1
45,16,61,1
45,17,62,1
46,6,52,1
46,7,53,1
46,8,54,1
46,11,57,1
46,14,60,1
46,15,61,1
46,16,62,1
46,17,63,1
46,18,64,1
46,19,65,1
46,20,66,1
46,21,67,1
46,22,68,1
47,5,52,1
47,6,53,1
47,7,54,1
47,8,55,2
47,10,57,1
47,13,60,2
47,14,61,1
47,15,62,1
47,16,63,2
47,17,64,2
47,18,65,2
47,19,66,1
47,20,67,1
47,21,68,2
47,22,69,1
47,23,70,1
47,24,71,1
48,4,52,1
48,5,53,1
48,6,54,1
48,7,55,2
48,8,56,1
48,9,57,2
48,12,60,1
48,14,62,1
48,15,63,1
48,16,64,1
48,17,65,1
48,22,70,1
48,23,71,1
49,5,54,1
49,6,55,1
49,11,60,1
49,14,63,1
49,15,64,1
49,20,69,1
49,21,70,1
49,22,71,1
49,23,72,1
49,24,73,1
49,25,74,1
50,4,54,1
50,6,56,1
50,10,60,1
50,13,63,1
50,16,66,1
50,17,67,1
50,18,68,1
50,19,69,1
50,20,70,1
50,21,71,1
50,26,76,1
51,5,56,1
51,6,57,1
51,7,58,1
51,8,59,1
51,9,60,1
51,12,63,1
51,15,66,1
51,16,67,1
51,17,68,1
51,25,76,1
51,26,77,1
51,27,78,1
52,5,57,1
52,6,58,1
52,8,60,1
52,11,63,1
52,14,66,1
52,20,72,1
52,21,73,1
52,22,74,1
53,5,58,1
53,7,60,1
53,9,62,1
53,10,63,1
53,11,64,1
53,12,65,1
53,13,66,2
53,14,67,1
53,15,68,1
53,16,69,2
53,17,70,1
53,18,71,1
53,19,72,1
53,20,73,1
53,21,74,1
54,6,60,1
54,8,62,1
54,9,63,1
54,10,64,2
54,11,65,2
54,12,66,2
54,13,67,1
54,14,68,1
54,15,69,2
54,16,70,1
54,17,71,1
54,24,78,1
54,25,79,1
54,26,80,1
55,7,62,1
55,11,66,1
55,12,67,1
55,14,69,1
55,17,72,1
55,20,75,1
55,21,76,1
55,22,77,1
55,23,78,1
55,24,79,1
55,25,80,2
55,26,81,1
55,27,82,1
55,28,83,1
56,9,65,1
56,10,66,2
56,11,67,1
56,12,68,1
56,13,69,2
56,16,72,1
56,18,74,1
56,19,75,1
56,20,76,1
56,21,77,1
56,26,82,1
56,27,83,1
57,7,64,1
57,8,65,2
57,9,66,2
57,10,67,1
57,11,68,1
57,12,69,1
57,15,72,1
57,18,75,1
57,19,76,1
57,24,81,1
57,25,82,1
57,26,83,1
57,27,84,1
57,28,85,1
57,29,86,1
58,6,64,1
58,7,65,1
58,8,66,1
58,14,72,1
58,17,75,1
58,20,78,1
58,21,79,1
58,22,80,1
58,23,81,1
58,24,82,1
58,25,83,1
58,30,88,1
59,10,69,1
59,11,70,1
59,12,71,1
59,13,72,1
59,16,75,1
59,19,78,1
59,20,79,1
59,21,80,1
59,29,88,1
59,30,89,1
59,31,90,1
60,7,67,1
60,8,68,1
60,9,69,2
60,10,70,1
60,11,71,2
60,12,72,2
60,13,73,1
60,14,74,1
60,15,75,1
60,18,78,1
60,24,84,1
60,25,85,1
60,26,86,1
61,4,65,1
61,6,67,2
61,7,68,2
61,8,69,1
61,9,70,1
61,10,71,1
61,11,72,2
61,12,73,1
61,13,74,1
61,14,75,1
61,17,78,1
61,20,81,1
61,23,84,1
61,24,85,1
61,25,86,1
62,2,64,1
62,3,65,1
62,4,66,1
62,5,67,3
62,6,68,2
62,7,69,1
62,8,70,3
62,9,71,1
62,10,72,3
62,11,73,2
62,12,74,2
62,13,75,2
62,14,76,1
62,15,77,2
62,16,78,2
62,17,79,1
62,18,80,1
62,19,81,2
62,20,82,1
62,21,83,1
62,22,84,1
62,23,85,1
62,24,86,1
62,25,87,1
62,26,88,1
62,27,89,1
62,28,90,1
62,29,91,1
62,30,92,1
63,1,64,1
63,2,65,1
63,3,66,2
63,4,67,1
63,5,68,1
63,6,69,2
63,7,70,3
63,8,71,2
63,9,72,3
63,10,73,2
63,11,74,3
63,12,75,1
63,13,76,1
63,14,77,1
63,15,78,2
63,16,79,2
63,17,80,1
63,18,81,2
63,19,82,1
63,20,83,1
63,21,84,2
63,22,85,1
63,23,86,1
63,24,87,2
63,25,88,2
63,26,89,2
63,27,90,1
63,28,91,1
63,29,92,2
63,30,93,1
63,31,94,1
63,32,95,1
64,2,66,1
64,4,68,1
64,5,69,1
64,6,70,1
64,7,71,2
64,8,72,3
64,9,73,1
64,10,74,2
64,14,78,2
64,15,79,1
64,16,80,1
64,17,81,2
64,20,84,1
64,22,86,1
64,23,87,1
64,24,88,1
64,25,89,1
64,30,94,1
64,31,95,1
65,3,68,2
65,4,69,1
65,5,70,1
65,6,71,1
65,7,72,2
65,8,73,1
65,9,74,2
65,10,75,1
65,11,76,2
65,12,77,2
65,13,78,2
65,14,79,1
65,15,80,1
65,16,81,1
65,19,84,1
65,22,87,1
65,23,88,1
65,28,93,1
65,29,94,1
65,30,95,1
65,31,96,1
65,32,97,1
65,33,98,1
66,2,68,1
66,3,69,1
66,4,70,1
66,6,72,1
66,7,73,2
66,8,74,1
66,10,76,2
66,11,77,2
66,12,78,2
66,15,81,1
66,18,84,1
66,21,87,1
66,24,90,1
66,25,91,1
66,26,92,1
66,27,93,1
66,28,94,1
66,29,95,1
66,34,100,1
67,5,72,2
67,6,73,2
67,7,74,1
67,8,75,1
67,9,76,2
67,10,77,1
67,11,78,2
67,12,79,1
67,14,81,2
67,15,82,1
67,16,83,1
67,17,84,1
67,20,87,1
67,23,90,1
67,24,91,1
67,25,92,1
67,33,100,1
67,34,101,1
67,35,102,1
68,4,72,1
68,5,73,1
68,6,74,1
68,7,75,2
68,8,76,2
68,9,77,1
68,10,78,2
68,11,79,2
68,12,80,2
68,13,81,2
68,14,82,1
68,15,83,1
68,16,84,1
68,19,87,1
68,22,90,1
68,28,96,1
68,29,97,1
68,30,98,1
69,3,72,1
69,4,73,1
69,5,74,1
69,6,75,2
69,7,76,1
69,8,77,2
69,9,78,2
69,10,79,1
69,11,80,2
69,13,82,1
69,15,84,1
69,18,87,2
69,19,88,1
69,20,89,1
69,21,90,2
69,22,91,1
69,23,92,1
69,24,93,2
69,25,94,1
69,26,95,1
69,27,96,1
69,28,97,1
69,29,98,1
70,2,72,1
70,3,73,1
70,4,74,2
70,5,75,2
70,6,76,1
70,7,77,2
70,8,78,1
70,9,79,1
70,10,80,1
70,12,82,1
70,14,84,3
70,15,85,1
70,16,86,1
70,17,87,2
70,18,88,1
70,19,89,2
70,20,90,2
70,21,91,1
70,22,92,1
70,23,93,2
70,24,94,1
70,25,95,1
70,32,102,1
70,33,103,1
70,34,104,1
71,3,74,1
71,4,75,1
71,5,76,1
71,6,77,2
71,7,78,1
71,9,80,1
71,10,81,1
71,11,82,1
71,12,83,2
71,13,84,3
71,14,85,2
71,15,86,2
71,16,87,1
71,19,90,1
71,20,91,1
71,22,93,1
71,25,96,1
71,28,99,1
71,29,100,1
71,30,101,1
71,31,102,1
71,32,103,1
71,33,104,2
71,34,105,1
71,35,106,1
71,36,107,1
72,4,76,1
72,5,77,1
72,6,78,1
72,8,80,2
72,9,81,1
72,10,82,1
72,11,83,1
72,12,84,1
72,13,85,1
72,15,87,1
72,18,90,2
72,19,91,1
72,20,92,1
72,21,93,2
72,24,96,1
72,26,98,1
72,27,99,1
72,28,100,1
72,29,101,1
72,34,106,1
72,35,107,1
73,7,80,3
73,8,81,1
73,9,82,1
73,14,87,1
73,15,88,1
73,16,89,1
73,17,90,2
73,18,91,1
73,19,92,1
73,20,93,1
73,23,96,1
73,26,99,1
73,27,100,1
73,32,105,1
73,33,106,1
73,34,107,1
73,35,108,1
73,36,109,1
73,37,110,1
74,6,80,2
74,7,81,1
74,8,82,2
74,9,83,1
74,10,84,1
74,11,85,1
74,12,86,1
74,13,87,1
74,14,88,2
74,15,89,1
74,16,90,1
74,19,93,1
74,22,96,1
74,25,99,1
74,28,102,1
74,29,103,1
74,30,104,1
74,31,105,1
74,32,106,1
74,33,107,1
74,38,112,1
75,5,80,1
75,6,81,1
75,7,82,1
75,8,83,2
75,9,84,2
75,10,85,1
75,11,86,1
75,15,90,1
75,18,93,2
75,19,94,1
75,20,95,1
75,21,96,1
75,24,99,1
75,27,102,1
75,28,103,1
75,29,104,1
75,37,112,1
75,38,113,1
75,39,114,1
76,5,81,1
76,6,82,1
76,7,83,2
76,8,84,2
76,9,85,2
76,10,86,1
76,14,90,2
76,15,91,1
76,16,92,1
76,17,93,3
76,18,94,2
76,19,95,2
76,20,96,2
76,21,97,1
76,22,98,1
76,23,99,1
76,26,102,1
76,32,108,1
76,33,109,1
76,34,110,1
77,3,80,1
77,4,81,1
77,5,82,1
77,6,83,2
77,7,84,4
77,8,85,3
77,9,86,2
77,10,87,1
77,11,88,2
77,12,89,2
77,13,90,2
77,14,91,2
77,15,92,1
77,16,93,2
77,17,94,2
77,18,95,1
77,19,96,2
77,20,97,1
77,21,98,1
77,22,99,1
77,25,102,1
77,28,105,1
77,31,108,1
77,32,109,1
77,33,110,1
78,2,80,1
78,3,81,1
78,4,82,1
78,5,83,1
78,6,84,3
78,7,85,2
78,8,86,3
78,9,87,2
78,10,88,2
78,11,89,1
78,12,90,1
78,13,91,2
78,18,96,3
78,19,97,1
78,20,98,1
78,21,99,1
78,23,101,1
78,24,102,1
78,27,105,1
78,30,108,1
78,31,109,1
78,32,110,1
78,33,111,1
78,34,112,1
78,35,113,1
78,36,114,1
78,37,115,1
78,38,116,1
79,3,82,1
79,5,84,1
79,6,85,1
79,7,86,2
79,8,87,2
79,9,88,1
79,10,89,1
79,11,90,1
79,13,92,1
79,14,93,1
79,15,94,1
79,16,95,1
79,17,96,3
79,18,97,2
79,19,98,2
79,20,99,1
79,23,102,1
79,24,103,1
79,26,105,1
79,29,108,2
79,30,109,1
79,31,110,1
79,32,111,2
79,33,112,2
79,34,113,2
79,35,114,1
79,36,115,1
79,37,116,2
79,38,117,1
79,39,118,1
79,40,119,1
80,4,84,2
80,5,85,2
80,6,86,2
80,7,87,1
80,8,88,1
80,9,89,2
80,10,90,1
80,12,92,1
80,13,93,1
80,14,94,2
80,15,95,1
80,16,96,2
80,17,97,1
80,19,99,1
80,22,102,2
80,23,103,1
80,24,104,1
80,25,105,2
80,28,108,1
80,30,110,1
80,31,111,1
80,32,112,1
80,33,113,1
80,38,118,1
80,39,119,1
81,3,84,1
81,4,85,1
81,5,86,2
81,6,87,1
81,7,88,1
81,8,89,1
81,9,90,1
81,10,91,2
81,11,92,2
81,12,93,1
81,13,94,1
81,15,96,2
81,18,99,2
81,19,100,1
81,20,101,1
81,21,102,2
81,22,103,1
81,23,104,1
81,24,105,1
81,27,108,1
81,30,111,1
81,31,112,1
81,36,117,1
81,37,118,1
81,38,119,1
81,39,120,1
81,40,121,1
81,41,122,1
82,4,86,1
82,6,88,2
82,7,89,2
82,8,90,2
82,9,91,1
82,10,92,1
82,11,93,1
82,12,94,2
82,14,96,2
82,16,98,1
82,17,99,3
82,18,100,2
82,19,101,1
82,20,102,1
82,23,105,1
82,26,108,1
82,29,111,1
82,32,114,1
82,33,115,1
82,34,116,1
82,35,117,1
82,36,118,1
82,37,119,1
82,42,124,1
83,5,88,2
83,6,89,1
83,7,90,2
83,10,93,1
83,11,94,1
83,13,96,1
83,15,98,1
83,16,99,2
83,17,100,2
83,18,101,1
83,19,102,2
83,20,103,1
83,22,105,2
83,23,106,1
83,24,107,1
83,25,108,1
83,28,111,1
83,31,114,1
83,32,115,1
83,33,116,1
83,41,124,1
83,42,125,1
83,43,126,1
84,4,88,2
84,5,89,1
84,6,90,2
84,7,91,1
84,8,92,1
84,9,93,1
84,10,94,1
84,14,98,1
84,15,99,2
84,16,100,1
84,17,101,1
84,18,102,3
84,19,103,2
84,20,104,1
84,21,105,2
84,22,106,1
84,23,107,1
84,24,108,1
84,27,111,1
84,30,114,1
84,36,120,1
84,37,121,1
84,38,122,1
85,3,88,1
85,4,89,1
85,5,90,3
85,6,91,2
85,7,92,1
85,8,93,1
85,9,94,1
85,10,95,1
85,11,96,2
85,13,98,1
85,14,99,2
85,15,100,2
85,16,101,3
85,17,102,3
85,18,103,2
85,19,104,1
85,20,105,1
85,21,106,1
85,23,108,1
85,26,111,2
85,27,112,1
85,28,113,1
85,29,114,2
85,30,115,1
85,31,116,1
85,32,117,2
85,33,118,1
85,34,119,1
85,35,120,1
85,36,121,1
85,37,122,1
86,4,90,1
86,5,91,1
86,6,92,2
86,7,93,2
86,8,94,1
86,9,95,1
86,10,96,2
86,11,97,2
86,12,98,2
86,13,99,1
86,14,100,2
86,15,101,1
86,16,102,3
86,17,103,2
86,19,105,1
86,22,108,3
86,23,109,1
86,24,110,1
86,25,111,2
86,26,112,1
86,27,113,2
86,28,114,2
86,29,115,1
86,30,116,1
86,31,117,2
86,32,118,1
86,33,119,1
86,40,126,1
86,41,127,1
86,42,128,1
87,5,92,1
87,6,93,1
87,7,94,1
87,9,96,1
87,10,97,1
87,11,98,1
87,12,99,1
87,13,100,2
87,15,102,2
87,17,104,1
87,18,105,2
87,19,106,1
87,20,107,1
87,21,108,3
87,22,109,2
87,23,110,2
87,24,111,1
87,27,114,1
87,28,115,1
87,30,117,1
87,33,120,1
87,36,123,1
87,37,124,1
87,38,125,1
87,39,126,1
87,40,127,1
87,41,128,2
87,42,129,1
87,43,130,1
87,44,131,1
88,8,96,2
88,9,97,2
88,10,98,1
88,11,99,1
88,12,100,3
88,13,101,2
88,14,102,2
88,16,104,1
88,17,105,1
88,18,106,2
88,19,107,1
88,20,108,2
88,21,109,1
88,23,111,1
88,26,114,2
88,27,115,1
88,28,116,1
88,29,117,2
88,32,120,1
88,34,122,1
88,35,123,1
88,36,124,1
88,37,125,1
88,42,130,1
88,43,131,1
89,7,96,1
89,8,97,1
89,9,98,1
89,10,99,1
89,11,100,1
89,12,101,1
89,13,102,1
89,15,104,1
89,16,105,1
89,18,107,1
89,19,108,2
89,22,111,2
89,23,112,1
89,24,113,1
89,25,114,2
89,26,115,1
89,27,116,1
89,28,117,1
89,31,120,1
89,34,123,1
89,35,124,1
89,40,129,1
89,41,130,1
89,42,131,1
89,43,132,1
89,44,133,1
89,45,134,1
90,10,100,1
90,11,101,1
90,12,102,1
90,13,103,1
90,14,104,2
90,15,105,3
90,16,106,2
90,17,107,2
90,18,108,3
90,19,109,1
90,20,110,1
90,21,111,3
90,22,112,2
90,23,113,1
90,24,114,1
90,27,117,1
90,30,120,1
90,33,123,1
90,36,126,1
90,37,127,1
90,38,128,1
90,39,129,1
90,40,130,1
90,41,131,1
90,46,136,1
91,6,97,1
91,8,99,1
91,9,100,2
91,10,101,1
91,11,102,2
91,12,103,2
91,13,104,2
91,14,105,1
91,15,106,1
91,16,107,1
91,17,108,3
91,18,109,1
91,19,110,1
91,20,111,2
91,21,112,1
91,23,114,1
91,26,117,2
91,27,118,1
91,28,119,1
91,29,120,1
91,32,123,1
91,35,126,1
91,36,127,1
91,37,128,1
91,45,136,1
91,46,137,1
91,47,138,1
92,4,96,1
92,5,97,1
92,6,98,1
92,7,99,2
92,8,100,2
92,9,101,3
92,10,102,2
92,11,103,2
92,12,104,2
92,13,105,1
92,14,106,3
92,16,108,1
92,18,110,1
92,19,111,2
92,22,114,2
92,23,115,1
92,24,116,1
92,25,117,3
92,26,118,2
92,27,119,2
92,28,120,2
92,29,121,1
92,30,122,1
92,31,123,1
92,34,126,1
92,40,132,1
92,41,133,1
92,42,134,1
93,3,96,1
93,4,97,1
93,5,98,2
93,6,99,1
93,7,100,1
93,8,101,2
93,9,102,1
93,10,103,3
93,11,104,2
93,12,105,2
93,13,106,4
93,14,107,2
93,15,108,2
93,17,110,1
93,18,111,1
93,20,113,2
93,21,114,2
93,22,115,1
93,23,116,1
93,24,117,2
93,25,118,2
93,26,119,1
93,27,120,2
93,28,121,1
93,29,122,1
93,30,123,1
93,33,126,1
93,36,129,1
93,39,132,1
93,40,133,1
93,41,134,1
94,4,98,1
94,6,100,2
94,8,102,1
94,9,103,3
94,10,104,3
94,11,105,2
94,12,106,2
94,13,107,1
94,14,108,1
94,15,109,1
94,16,110,1
94,17,111,1
94,19,113,1
94,20,114,2
94,21,115,1
94,22,116,1
94,23,117,2
94,24,118,1
94,25,119,1
94,26,120,4
94,27,121,2
94,28,122,2
94,29,123,2
94,30,124,1
94,31,125,2
94,32,126,2
94,33,127,1
94,34,128,1
94,35,129,2
94,36,130,1
94,37,131,1
94,38,132,1
94,39,133,1
94,40,134,1
94,41,135,1
94,42,136,1
94,43,137,1
94,44,138,1
94,45,139,1
94,46,140,1
95,5,100,2
95,6,101,1
95,7,102,2
95,8,103,2
95,9,104,2
95,10,105,2
95,11,106,2
95,13,108,1
95,14,109,1
95,15,110,1
95,16,111,3
95,18,113,1
95,19,114,2
95,21,116,2
95,22,117,3
95,23,118,2
95,24,119,2
95,25,120,4
95,26,121,3
95,27,122,3
95,28,123,2
95,29,124,1
95,30,125,1
95,31,126,2
95,32,127,2
95,33,128,1
95,34,129,2
95,35,130,1
95,36,131,1
95,37,132,2
95,38,133,1
95,39,134,1
95,40,135,2
95,41,136,2
95,42,137,2
95,43,138,1
95,44,139,1
95,45,140,2
95,46,141,1
95,47,142,1
95,48,143,1
96,5,101,1
96,6,102,1
96,8,104,2
96,9,105,2
96,10,106,1
96,12,108,2
96,13,109,3
96,14,110,2
96,15,111,2
96,16,112,1
96,17,113,2
96,18,114,2
96,20,116,1
96,21,117,2
96,22,118,2
96,23,119,1
96,24,120,2
96,25,121,1
96,27,123,1
96,30,126,2
96,31,127,1
96,32,128,1
96,33,129,2
96,36,132,1
96,38,134,1
96,39,135,1
96,40,136,1
96,41,137,1
96,46,142,1
96,47,143,1
97,7,104,2
97,8,105,1
97,9,106,2
97,10,107,2
97,11,108,2
97,12,109,3
97,13,110,3
97,14,111,2
97,15,112,2
97,16,113,1
97,17,114,1
97,19,116,1
97,20,117,2
97,22,119,1
97,23,120,2
97,26,123,2
97,27,124,1
97,28,125,1
97,29,126,2
97,30,127,1
97,31,128,1
97,32,129,1
97,35,132,1
97,38,135,1
97,39,136,1
97,44,141,1
97,45,142,1
97,46,143,1
97,47,144,1
97,48,145,1
97,49,146,1
98,6,104,1
98,8,106,2
98,9,107,2
98,10,108,2
98,11,109,2
98,12,110,2
98,13,111,1
98,14,112,3
98,15,113,1
98,18,116,1
98,19,117,1
98,21,119,1
98,22,120,2
98,24,122,1
98,25,123,3
98,26,124,2
98,27,125,1
98,28,126,1
98,31,129,1
98,34,132,1
98,37,135,1
98,40,138,1
98,41,139,1
98,42,140,1
98,43,141,1
98,44,142,1
98,45,143,1
98,50,148,1
99,5,104,1
99,6,105,1
99,7,106,3
99,8,107,1
99,9,108,2
99,10,109,2
99,11,110,1
99,12,111,2
99,13,112,3
99,14,113,2
99,15,114,1
99,16,115,1
99,17,116,2
99,18,117,1
99,20,119,1
99,21,120,2
99,23,122,1
99,24,123,3
99,25,124,2
99,26,125,1
99,27,126,2
99,28,127,1
99,30,129,2
99,31,130,1
99,32,131,1
99,33,132,1
99,36,135,1
99,39,138,1
99,40,139,1
99,41,140,1
99,49,148,1
99,50,149,1
99,51,150,1
100,4,104,1
100,5,105,1
100,6,106,2
100,7,107,1
100,8,108,4
100,9,109,3
100,10,110,3
100,11,111,3
100,12,112,3
100,13,113,3
100,14,114,1
100,16,116,1
100,17,117,1
100,18,118,1
100,19,119,1
100,20,120,2
100,22,122,1
100,23,123,3
100,24,124,1
100,25,125,1
100,26,126,3
100,27,127,2
100,28,128,1
100,29,129,2
100,30,130,1
100,31,131,1
100,32,132,1
100,35,135,1
100,38,138,1
100,44,144,1
100,45,145,1
100,46,146,1
101,5,106,1
101,7,108,3
101,8,109,2
101,9,110,4
101,10,111,2
101,11,112,3
101,12,113,1
101,13,114,1
101,14,115,1
101,15,116,1
101,16,117,1
101,17,118,2
101,18,119,2
101,19,120,3
101,20,121,1
101,21,122,2
101,22,123,3
101,23,124,1
101,24,125,3
101,25,126,3
101,26,127,2
101,27,128,1
101,28,129,1
101,29,130,1
101,31,132,1
101,34,135,2
101,35,136,1
101,36,137,1
101,37,138,2
101,38,139,1
101,39,140,1
101,40,141,2
101,41,142,1
101,42,143,1
101,43,144,1
101,44,145,1
101,45,146,1
102,6,108,1
102,8,110,3
102,9,111,1
102,10,112,3
102,11,113,1
102,12,114,1
102,13,115,2
102,14,116,2
102,15,117,1
102,16,118,3
102,17,119,2
102,18,120,2
102,19,121,2
102,20,122,2
102,21,123,3
102,22,124,1
102,23,125,2
102,24,126,3
102,25,127,2
102,27,129,1
102,30,132,3
102,31,133,1
102,32,134,1
102,33,135,2
102,34,136,1
102,35,137,2
102,36,138,2
102,37,139,1
102,38,140,1
102,39,141,2
102,40,142,1
102,41,143,1
102,48,150,1
102,49,151,1
102,50,152,1
103,5,108,1
103,6,109,1
103,7,110,2
103,9,112,1
103,10,113,1
103,11,114,1
103,12,115,2
103,13,116,1
103,14,117,1
103,15,118,2
103,19,122,1
103,20,123,2
103,22,125,1
103,23,126,2
103,25,128,1
103,26,129,2
103,27,130,1
103,28,131,1
103,29,132,3
103,30,133,2
103,31,134,2
103,32,135,1
103,35,138,1
103,36,139,1
103,38,141,1
103,41,144,1
103,44,147,1
103,45,148,1
103,46,149,1
103,47,150,1
103,48,151,1
103,49,152,2
103,50,153,1
103,51,154,1
103,52,155,1
104,4,108,1
104,5,109,1
104,6,110,1
104,8,112,1
104,9,113,2
104,10,114,1
104,11,115,2
104,12,116,3
104,13,117,2
104,14,118,1
104,16,120,1
104,17,121,2
104,18,122,3
104,19,123,2
104,20,124,1
104,21,125,2
104,22,126,2
104,24,128,1
104,25,129,2
104,26,130,2
104,27,131,1
104,28,132,2
104,29,133,1
104,31,135,1
104,34,138,2
104,35,139,1
104,36,140,1
104,37,141,2
104,40,144,1
104,42,146,1
104,43,147,1
104,44,148,1
104,45,149,1
104,50,154,1
104,51,155,1
105,7,112,1
105,8,113,1
105,9,114,1
105,10,115,3
105,11,116,2
105,13,118,2
105,14,119,1
105,15,120,2
105,16,121,3
105,17,122,3
105,18,123,2
105,19,124,1
105,20,125,1
105,21,126,2
105,23,128,1
105,24,129,2
105,26,131,1
105,27,132,2
105,30,135,2
105,31,136,1
105,32,137,1
105,33,138,2
105,34,139,1
105,35,140,1
105,36,141,1
105,39,144,1
105,42,147,1
105,43,148,1
105,48,153,1
105,49,154,1
105,50,155,1
105,51,156,1
105,52,157,1
105,53,158,1
106,6,112,1
106,8,114,1
106,9,115,2
106,10,116,2
106,12,118,2
106,13,119,1
106,14,120,2
106,15,121,3
106,16,122,1
106,20,126,3
106,21,127,1
106,22,128,2
106,23,129,3
106,24,130,1
106,25,131,2
106,26,132,3
106,27,133,1
106,28,134,1
106,29,135,3
106,30,136,2
106,31,137,1
106,32,138,1
106,35,141,1
106,38,144,1
106,41,147,1
106,44,150,1
106,45,151,1
106,46,152,1
106,47,153,1
106,48,154,1
106,49,155,1
106,54,160,1
107,5,112,1
107,6,113,1
107,7,114,2
107,8,115,1
107,9,116,1
107,10,117,1
107,11,118,3
107,12,119,1
107,13,120,1
107,14,121,1
107,16,123,2
107,17,124,2
107,18,125,2
107,19,126,3
107,20,127,2
107,21,128,3
107,22,129,3
107,23,130,1
107,24,131,2
107,25,132,3
107,26,133,1
107,27,134,1
107,28,135,2
107,29,136,1
107,31,138,1
107,34,141,2
107,35,142,1
107,36,143,1
107,37,144,1
107,40,147,1
107,43,150,1
107,44,151,1
107,45,152,1
107,53,160,1
107,54,161,1
107,55,162,1
108,6,114,2
108,7,115,1
108,9,117,1
108,10,118,2
108,11,119,2
108,13,121,1
108,14,122,1
108,15,123,2
108,16,124,3
108,17,125,3
108,18,126,1
108,19,127,2
108,20,128,2
108,21,129,2
108,22,130,2
108,23,131,1
108,24,132,2
108,26,134,1
108,27,135,2
108,30,138,2
108,31,139,1
108,32,140,1
108,33,141,3
108,34,142,2
108,35,143,2
108,36,144,2
108,37,145,1
108,38,146,1
108,39,147,1
108,42,150,1
108,48,156,1
108,49,157,1
108,50,158,1
109,5,114,1
109,8,117,1
109,9,118,2
109,10,119,2
109,12,121,2
109,13,122,1
109,14,123,2
109,15,124,3
109,16,125,1
109,17,126,2
109,18,127,2
109,19,128,3
109,20,129,4
109,21,130,3
109,22,131,3
109,23,132,4
109,24,133,1
109,25,134,2
109,26,135,3
109,27,136,1
109,28,137,3
109,29,138,3
109,30,139,2
109,31,140,1
109,32,141,2
109,33,142,2
109,34,143,1
109,35,144,2
109,36,145,1
109,37,146,1
109,38,147,1
109,41,150,1
109,44,153,1
109,47,156,1
109,48,157,1
109,49,158,1
110,6,116,1
110,7,117,1
110,8,118,1
110,9,119,1
110,10,120,3
110,11,121,2
110,13,123,2
110,14,124,3
110,15,125,2
110,16,126,4
110,17,127,2
110,18,128,4
110,19,129,4
110,20,130,3
110,21,131,3
110,22,132,3
110,23,133,2
110,24,134,2
110,25,135,3
110,26,136,1
110,27,137,2
110,28,138,3
110,29,139,2
110,31,141,1
110,34,144,3
110,35,145,1
110,36,146,1
110,37,147,1
110,39,149,1
110,40,150,1
110,43,153,1
110,46,156,1
110,47,157,1
110,48,158,1
110,49,159,1
110,50,160,1
110,51,161,1
110,52,162,1
110,53,163,1
110,54,164,1
111,5,116,1
111,8,119,1
111,9,120,4
111,10,121,2
111,11,122,2
111,12,123,2
111,13,124,1
111,14,125,2
111,15,126,4
111,16,127,4
111,17,128,3
111,18,129,1
111,19,130,2
111,21,132,2
111,23,134,1
111,24,135,3
111,26,137,1
111,27,138,2
111,29,140,1
111,30,141,2
111,31,142,1
111,32,143,1
111,33,144,3
111,34,145,2
111,35,146,2
111,36,147,1
111,39,150,1
111,40,151,1
111,42,153,1
111,45,156,2
111,46,157,1
111,47,158,1
111,48,159,2
111,49,160,2
111,50,161,2
111,51,162,1
111,52,163,1
111,53,164,2
111,54,165,1
111,55,166,1
111,56,167,1
112,7,119,1
112,8,120,3
112,10,122,2
112,11,123,2
112,12,124,1
112,13,125,2
112,14,126,2
112,15,127,4
112,16,128,4
112,17,129,2
112,18,130,3
112,20,132,2
112,21,133,1
112,22,134,2
112,23,135,3
112,24,136,1
112,25,137,2
112,26,138,2
112,28,140,1
112,29,141,2
112,30,142,2
112,31,143,1
112,32,144,2
112,33,145,1
112,35,147,1
112,38,150,2
112,39,151,1
112,40,152,1
112,41,153,2
112,44,156,1
112,46,158,1
112,47,159,1
112,48,160,1
112,49,161,1
112,54,166,1
112,55,167,1
113,7,120,2
113,9,122,1
113,10,123,1
113,11,124,2
113,12,125,1
113,13,126,2
113,14,127,2
113,15,128,2
113,16,129,2
113,17,130,4
113,18,131,2
113,19,132,4
113,20,133,4
113,21,134,3
113,22,135,3
113,23,136,2
113,24,137,2
113,25,138,2
113,27,140,1
113,28,141,2
113,30,143,1
113,31,144,2
113,34,147,2
113,35,148,1
113,36,149,1
113,37,150,2
113,38,151,1
113,39,152,1
113,40,153,1
113,43,156,1
113,46,159,1
113,47,160,1
113,52,165,1
113,53,166,1
113,54,167,1
113,55,168,1
113,56,169,1
113,57,170,1
114,6,120,1
114,9,123,2
114,10,124,2
114,12,126,2
114,14,128,3
114,15,129,2
114,16,130,2
114,17,131,1
114,18,132,3
114,19,133,4
114,20,134,3
114,21,135,2
114,22,136,1
114,23,137,2
114,24,138,2
114,26,140,1
114,27,141,2
114,29,143,1
114,30,144,2
114,32,146,1
114,33,147,3
114,34,148,2
114,35,149,1
114,36,150,1
114,39,153,1
114,42,156,1
114,45,159,1
114,48,162,1
114,49,163,1
114,50,164,1
114,51,165,1
114,52,166,1
114,53,167,1
114,58,172,1
115,6,121,1
115,8,123,1
115,9,124,1
115,10,125,1
115,11,126,1
115,13,128,2
115,14,129,2
115,15,130,2
115,16,131,2
115,17,132,2
115,18,133,1
115,19,134,2
115,20,135,4
115,21,136,1
115,22,137,2
115,23,138,3
115,24,139,1
115,25,140,2
115,26,141,2
115,28,143,1
115,29,144,2
115,31,146,1
115,32,147,3
115,33,148,2
115,34,149,1
115,35,150,2
115,36,151,1
115,38,153,2
115,39,154,1
115,40,155,1
115,41,156,1
115,44,159,1
115,47,162,1
115,48,163,1
115,49,164,1
115,57,172,1
115,58,173,1
115,59,174,1
116,8,124,1
116,11,127,1
116,12,128,2
116,13,129,3
116,14,130,1
116,15,131,4
116,16,132,4
116,17,133,4
116,18,134,4
116,19,135,4
116,20,136,4
116,21,137,3
116,22,138,3
116,23,139,1
116,24,140,1
116,25,141,2
116,26,142,1
116,27,143,1
116,28,144,2
116,30,146,1
116,31,147,3
116,32,148,1
116,33,149,1
116,34,150,3
116,35,151,2
116,36,152,1
116,37,153,2
116,38,154,1
116,39,155,1
116,40,156,1
116,43,159,1
116,46,162,1
116,52,168,1
116,53,169,1
116,54,170,1
117,7,124,1
117,10,127,2
117,11,128,3
117,12,129,4
117,13,130,2
117,14,131,4
117,15,132,3
117,16,133,5
117,17,134,4
117,18,135,2
117,19,136,4
117,21,138,2
117,23,140,1
117,24,141,3
117,25,142,1
117,26,143,2
117,27,144,3
117,28,145,1
117,29,146,2
117,30,147,3
117,31,148,1
117,32,149,3
117,33,150,3
117,34,151,2
117,35,152,1
117,36,153,1
117,37,154,1
117,39,156,1
117,42,159,2
117,43,160,1
117,44,161,1
117,45,162,2
117,46,163,1
117,47,164,1
117,48,165,2
117,49,166,1
117,50,167,1
117,51,168,1
117,52,169,1
117,53,170,1
118,9,127,2
118,10,128,3
118,11,129,3
118,12,130,3
118,13,131,4
118,14,132,4
118,15,133,2
118,16,134,2
118,17,135,1
118,18,136,3
118,19,137,1
118,20,138,2
118,21,139,1
118,22,140,3
118,23,141,3
118,24,142,2
118,25,143,2
118,26,144,2
118,27,145,2
118,28,146,2
118,29,147,3
118,30,148,1
118,31,149,2
118,32,150,3
118,33,151,2
118,35,153,1
118,38,156,3
118,39,157,1
118,40,158,1
118,41,159,2
118,42,160,1
118,43,161,2
118,44,162,2
118,45,163,1
118,46,164,1
118,47,165,2
118,48,166,1
118,49,167,1
118,56,174,1
118,57,175,1
118,58,176,1
119,9,128,1
119,10,129,2
119,11,130,4
119,12,131,3
119,13,132,5
119,14,133,2
119,15,134,3
119,17,136,1
119,18,137,2
119,19,138,3
119,20,139,4
119,21,140,3
119,22,141,3
119,23,142,2
119,24,143,1
119,25,144,2
119,27,146,1
119,28,147,3
119,30,149,1
119,31,150,2
119,33,152,1
119,34,153,2
119,35,154,1
119,36,155,1
119,37,156,3
119,38,157,2
119,39,158,2
119,40,159,1
119,43,162,1
119,44,163,1
119,46,165,1
119,49,168,1
119,52,171,1
119,53,172,1
119,54,173,1
119,55,174,1
119,56,175,1
119,57,176,2
119,58,177,1
119,59,178,1
119,60,179,1
120,8,128,1
120,9,129,1
120,10,130,3
120,11,131,3
120,12,132,5
120,13,133,1
120,14,134,2
120,16,136,2
120,17,137,3
120,18,138,3
120,19,139,3
120,20,140,3
120,21,141,4
120,22,142,1
120,23,143,1
120,24,144,3
120,25,145,1
120,26,146,2
120,27,147,3
120,28,148,1
120,29,149,2
120,30,150,2
120,32,152,1
120,33,153,2
120,34,154,2
120,35,155,1
120,36,156,2
120,37,157,1
120,39,159,1
120,42,162,2
120,43,163,1
120,44,164,1
120,45,165,2
120,48,168,1
120,50,170,1
120,51,171,1
120,52,172,1
120,53,173,1
120,58,178,1
120,59,179,1
121,7,128,2
121,8,129,1
121,9,130,2
121,10,131,1
121,11,132,1
121,12,133,2
121,13,134,1
121,14,135,1
121,15,136,2
121,16,137,3
121,17,138,4
121,18,139,3
121,19,140,1
121,20,141,2
121,21,142,2
121,22,143,2
121,23,144,4
121,24,145,2
121,25,146,2
121,26,147,3
121,27,148,1
121,28,149,1
121,29,150,2
121,31,152,1
121,32,153,2
121,34,155,1
121,35,156,2
121,38,159,2
121,39,160,1
121,40,161,1
121,41,162,2
121,42,163,1
121,43,164,1
121,44,165,1
121,47,168,1
121,50,171,1
121,51,172,1
121,56,177,1
121,57,178,1
121,58,179,1
121,59,180,1
121,60,181,1
121,61,182,1
122,8,130,1
122,11,133,2
122,12,134,3
122,13,135,3
122,14,136,1
122,15,137,2
122,16,138,3
122,17,139,2
122,18,140,3
122,19,141,2
122,20,142,3
122,21,143,2
122,22,144,3
122,23,145,2
122,24,146,1
122,25,147,2
122,27,149,1
122,28,150,3
122,29,151,1
122,30,152,2
122,31,153,3
122,32,154,1
122,33,155,2
122,34,156,3
122,35,157,1
122,36,158,1
122,37,159,3
122,38,160,2
122,39,161,1
122,40,162,1
122,43,165,1
122,46,168,1
122,49,171,1
122,52,174,1
122,53,175,1
122,54,176,1
122,55,177,1
122,56,178,1
122,57,179,1
122,62,184,1
123,8,131,1
123,9,132,2
123,10,133,3
123,11,134,5
123,12,135,3
123,13,136,3
123,14,137,3
123,15,138,3
123,16,139,3
123,17,140,4
123,18,141,3
123,19,142,4
123,20,143,1
123,23,146,1
123,24,147,3
123,26,149,2
123,27,150,4
123,28,151,2
123,29,152,3
123,30,153,3
123,31,154,1
123,32,155,2
123,33,156,3
123,34,157,1
123,35,158,1
123,36,159,2
123,37,160,1
123,39,162,1
123,42,165,2
123,43,166,1
123,44,167,1
123,45,168,1
123,48,171,1
123,51,174,1
123,52,175,1
123,53,176,1
123,61,184,1
123,62,185,1
123,63,186,1
124,6,130,1
124,7,131,3
124,8,132,1
124,9,133,3
124,10,134,5
124,11,135,5
124,12,136,5
124,13,137,4
124,14,138,5
124,15,139,4
124,16,140,5
124,17,141,4
124,18,142,2
124,19,143,2
124,20,144,2
124,21,145,2
124,22,146,4
124,23,147,4
124,24,148,2
124,25,149,3
124,26,150,4
124,27,151,2
124,28,152,2
124,29,153,3
124,30,154,2
124,31,155,1
124,32,156,2
124,34,158,1
124,35,159,2
124,38,162,2
124,39,163,1
124,40,164,1
124,41,165,3
124,42,166,2
124,43,167,2
124,44,168,2
124,45,169,1
124,46,170,1
124,47,171,1
124,50,174,1
124,56,180,1
124,57,181,1
124,58,182,1
125,5,130,1
125,6,131,2
125,7,132,1
125,8,133,2
125,9,134,5
125,10,135,5
125,11,136,5
125,12,137,5
125,13,138,5
125,14,139,3
125,15,140,5
125,16,141,4
125,17,142,2
125,18,143,2
125,19,144,3
125,20,145,3
125,21,146,3
125,22,147,4
125,23,148,2
125,24,149,1
125,25,150,4
125,26,151,1
125,27,152,2
125,28,153,4
125,29,154,2
125,30,155,2
125,31,156,3
125,33,158,1
125,34,159,2
125,36,161,2
125,37,162,2
125,38,163,1
125,39,164,1
125,40,165,2
125,41,166,2
125,42,167,1
125,43,168,2
125,44,169,1
125,45,170,1
125,46,171,1
125,49,174,1
125,52,177,1
125,55,180,1
125,56,181,1
125,57,182,1
126,2,128,1
126,3,129,1
126,4,130,2
126,5,131,1
126,6,132,2
126,7,133,2
126,8,134,6
126,9,135,6
126,10,136,5
126,11,137,6
126,12,138,5
126,13,139,3
126,14,140,4
126,15,141,2
126,16,142,3
126,17,143,4
126,18,144,4
126,19,145,2
126,20,146,2
126,21,147,3
126,22,148,2
126,23,149,2
126,24,150,4
126,25,151,1
126,26,152,4
126,27,153,5
126,28,154,3
126,29,155,3
126,30,156,3
126,31,157,2
126,32,158,2
126,33,159,3
126,34,160,1
126,35,161,2
126,36,162,3
126,37,163,2
126,38,164,1
126,39,165,2
126,40,166,1
126,41,167,1
126,42,168,4
126,43,169,2
126,44,170,2
126,45,171,2
126,46,172,1
126,47,173,2
126,48,174,2
126,49,175,1
126,50,176,1
126,51,177,2
126,52,178,1
126,53,179,1
126,54,180,1
126,55,181,1
126,56,182,1
126,57,183,1
126,58,184,1
126,59,185,1
126,60,186,1
126,61,187,1
126,62,188,1
127,1,128,1
127,2,129,1
127,3,130,2
127,4,131,1
127,5,132,1
127,6,133,2
127,7,134,5
127,8,135,7
127,9,136,5
127,10,137,6
127,11,138,4
127,12,139,3
127,13,140,5
127,14,141,3
127,15,142,5
127,16,143,6
127,17,144,5
127,18,145,5
127,19,146,5
127,20,147,3
127,21,148,4
127,22,149,3
127,23,150,4
127,24,151,3
127,25,152,3
127,26,153,5
127,27,154,3
127,28,155,2
127,29,156,3
127,30,157,1
127,31,158,2
127,32,159,4
127,33,160,1
127,34,161,2
127,35,162,3
127,36,163,1
127,37,164,2
127,38,165,3
127,39,166,2
127,40,167,2
127,41,168,4
127,42,169,3
127,43,170,3
127,44,171,2
127,45,172,1
127,46,173,1
127,47,174,2
127,48,175,2
127,49,176,1
127,50,177,2
127,51,178,1
127,52,179,1
127,53,180,2
127,54,181,1
127,55,182,1
127,56,183,2
127,57,184,2
127,58,185,2
127,59,186,1
127,60,187,1
127,61,188,2
127,62,189,1
127,63,190,1
127,64,191,1
128,2,130,1
128,4,132,1
128,5,133,1
128,6,134,4
128,7,135,3
128,8,136,1
128,9,137,3
128,10,138,4
128,11,139,3
128,12,140,5
128,13,141,4
128,14,142,4
128,15,143,5
128,16,144,4
128,17,145,3
128,18,146,3
128,19,147,2
128,20,148,3
128,21,149,2
128,22,150,2
128,23,151,2
128,24,152,2
128,25,153,3
128,27,155,1
128,28,156,3
128,29,157,1
128,30,158,2
128,31,159,3
128,32,160,1
128,33,161,2
128,34,162,2
128,36,164,1
128,37,165,2
128,38,166,2
128,39,167,1
128,40,168,2
128,41,169,1
128,43,171,1
128,46,174,2
128,47,175,1
128,48,176,1
128,49,177,2
128,52,180,1
128,54,182,1
128,55,183,1
128,56,184,1
128,57,185,1
128,62,190,1
128,63,191,1
129,3,132,2
129,4,133,1
129,5,134,3
129,7,136,1
129,8,137,2
129,9,138,4
129,10,139,3
129,11,140,6
129,12,141,3
129,13,142,2
129,14,143,4
129,15,144,3
129,16,145,2
129,17,146,2
129,18,147,2
129,19,148,2
129,20,149,2
129,21,150,3
129,22,151,1
129,23,152,2
129,24,153,2
129,26,155,3
129,27,156,5
129,28,157,3
129,29,158,3
129,30,159,4
129,31,160,2
129,32,161,2
129,33,162,2
129,35,164,1
129,36,165,2
129,38,167,1
129,39,168,2
129,42,171,2
129,43,172,1
129,44,173,1
129,45,174,2
129,46,175,1
129,47,176,1
129,48,177,1
129,51,180,1
129,54,183,1
129,55,184,1
129,60,189,1
129,61,190,1
129,62,191,1
129,63,192,1
129,64,193,1
129,65,194,1
130,2,132,1
130,3,133,1
130,4,134,1
130,6,136,1
130,7,137,1
130,8,138,2
130,9,139,3
130,10,140,5
130,11,141,2
130,12,142,3
130,13,143,4
130,14,144,4
130,15,145,3
130,16,146,4
130,17,147,3
130,18,148,1
130,19,149,2
130,20,150,3
130,22,152,4
130,23,153,2
130,25,155,3
130,26,156,5
130,27,157,3
130,28,158,2
130,29,159,3
130,30,160,1
130,31,161,2
130,32,162,2
130,34,164,1
130,35,165,2
130,37,167,1
130,38,168,2
130,40,170,1
130,41,171,3
130,42,172,2
130,43,173,1
130,44,174,1
130,47,177,1
130,50,180,1
130,53,183,1
130,56,186,1
130,57,187,1
130,58,188,1
130,59,189,1
130,60,190,1
130,61,191,1
130,66,196,1
131,7,138,2
131,8,139,4
131,9,140,5
131,10,141,4
131,11,142,4
131,12,143,6
131,13,144,4
131,14,145,3
131,15,146,5
131,16,147,1
131,18,149,2
131,19,150,2
131,20,151,1
131,21,152,2
131,22,153,1
131,23,154,1
131,24,155,2
131,25,156,4
131,26,157,1
131,27,158,2
131,28,159,5
131,29,160,1
131,30,161,2
131,31,162,3
131,32,163,1
131,33,164,2
131,34,165,2
131,36,167,1
131,37,168,2
131,39,170,1
131,40,171,3
131,41,172,2
131,42,173,1
131,43,174,2
131,44,175,1
131,46,177,2
131,47,178,1
131,48,179,1
131,49,180,1
131,52,183,1
131,55,186,1
131,56,187,1
131,57,188,1
131,65,196,1
131,66,197,1
131,67,198,1
132,4,136,1
132,6,138,3
132,7,139,3
132,8,140,5
132,9,141,5
132,10,142,5
132,11,143,8
132,12,144,5
132,13,145,4
132,14,146,5
132,15,147,2
132,16,148,1
132,17,149,2
132,18,150,2
132,19,151,2
132,20,152,2
132,21,153,2
132,22,154,2
132,23,155,4
132,24,156,4
132,25,157,2
132,26,158,5
132,27,159,6
132,28,160,3
132,29,161,3
132,30,162,3
132,31,163,1
132,32,164,1
132,33,165,2
132,34,166,1
132,35,167,1
132,36,168,2
132,38,170,1
132,39,171,3
132,40,172,1
132,41,173,1
132,42,174,3
132,43,175,2
132,44,176,1
132,45,177,2
132,46,178,1
132,47,179,1
132,48,180,1
132,51,183,1
132,54,186,1
132,60,192,1
132,61,193,1
132,62,194,1
133,3,136,2
133,4,137,1
133,5,138,2
133,6,139,1
133,7,140,3
133,8,141,2
133,9,142,4
133,10,143,5
133,11,144,3
133,12,145,3
133,13,146,5
133,14,147,4
133,15,148,2
133,16,149,4
133,17,150,1
133,18,151,2
133,19,152,4
133,20,153,3
133,21,154,3
133,22,155,4
133,23,156,3
133,24,157,3
133,25,158,4
133,26,159,4
133,27,160,2
133,28,161,1
133,29,162,3
133,31,164,1
133,32,165,3
133,33,166,1
133,34,167,2
133,35,168,3
133,36,169,1
133,37,170,2
133,38,171,3
133,39,172,1
133,40,173,3
133,41,174,3
133,42,175,2
133,43,176,1
133,44,177,1
133,45,178,1
133,47,180,1
133,50,183,2
133,51,184,1
133,52,185,1
133,53,186,2
133,54,187,1
133,55,188,1
133,56,189,2
133,57,190,1
133,58,191,1
133,59,192,1
133,60,193,1
133,61,194,1
134,2,136,1
134,3,137,1
134,4,138,2
134,5,139,2
134,6,140,1
134,7,141,1
134,8,142,4
134,9,143,2
134,10,144,1
134,11,145,3
134,12,146,5
134,13,147,5
134,14,148,5
134,15,149,6
134,16,150,3
134,17,151,3
134,18,152,4
134,19,153,2
134,20,154,2
134,21,155,3
134,22,156,3
134,24,158,3
134,25,159,3
134,27,161,2
134,28,162,3
134,30,164,3
134,31,165,4
134,32,166,2
134,33,167,2
134,34,168,2
134,35,169,2
134,36,170,2
134,37,171,3
134,38,172,1
134,39,173,2
134,40,174,3
134,41,175,2
134,43,177,1
134,46,180,3
134,47,181,1
134,48,182,1
134,49,183,2
134,50,184,1
134,51,185,2
134,52,186,2
134,53,187,1
134,54,188,1
134,55,189,2
134,56,190,1
134,57,191,1
134,64,198,1
134,65,199,1
134,66,200,1
135,3,138,1
135,4,139,1
135,5,140,1
135,6,141,2
135,7,142,4
135,8,143,1
135,9,144,2
135,10,145,4
135,11,146,6
135,12,147,4
135,13,148,6
135,14,149,4
135,15,150,3
135,16,151,1
135,17,152,2
135,18,153,1
135,19,154,2
135,20,155,3
135,21,156,4
135,22,157,1
135,23,158,4
135,24,159,2
135,26,161,3
135,27,162,4
135,28,163,2
135,29,164,2
135,30,165,4
135,31,166,2
135,32,167,1
135,33,168,2
135,35,170,1
135,36,171,3
135,38,173,1
135,39,174,2
135,41,176,1
135,42,177,2
135,43,178,1
135,44,179,1
135,45,180,3
135,46,181,2
135,47,182,2
135,48,183,1
135,51,186,1
135,52,187,1
135,54,189,1
135,57,192,1
135,60,195,1
135,61,196,1
135,62,197,1
135,63,198,1
135,64,199,1
135,65,200,2
135,66,201,1
136,4,140,1
136,5,141,1
136,6,142,2
136,8,144,2
136,9,145,2
136,10,146,5
136,11,147,2
136,12,148,3
136,13,149,1
136,14,150,2
136,15,151,1
136,16,152,3
136,17,153,2
136,18,154,2
136,19,155,4
136,20,156,5
136,21,157,3
136,22,158,3
136,23,159,1
136,24,160,1
136,25,161,3
136,26,162,5
136,27,163,2
136,28,164,3
136,29,165,5
136,30,166,1
136,31,167,1
136,32,168,3
136,33,169,1
136,34,170,2
136,35,171,3
136,36,172,1
136,37,173,2
136,38,174,2
136,40,176,1
136,41,177,2
136,42,178,2
136,43,179,1
136,44,180,2
136,45,181,1
136,47,183,1
136,50,186,2
136,51,187,1
136,52,188,1
136,53,189,2
136,56,192,1
136,58,194,1
136,59,195,1
136,60,196,1
136,61,197,1
137,7,144,3
137,8,145,1
137,9,146,2
137,10,147,3
137,11,148,4
137,12,149,3
137,13,150,4
137,14,151,3
137,15,152,5
137,16,153,1
137,17,154,1
137,18,155,2
137,19,156,2
137,20,157,3
137,21,158,2
137,22,159,1
137,23,160,2
137,24,161,3
137,25,162,4
137,26,163,1
137,27,164,3
137,28,165,4
137,29,166,1
137,30,167,2
137,31,168,4
137,32,169,2
137,33,170,2
137,34,171,3
137,35,172,1
137,36,173,1
137,37,174,2
137,39,176,1
137,40,177,2
137,42,179,1
137,43,180,2
137,46,183,2
137,47,184,1
137,48,185,1
137,49,186,2
137,50,187,1
137,51,188,1
137,52,189,1
137,55,192,1
137,58,195,1
137,59,196,1
137,64,201,1
138,6,144,2
138,7,145,2
138,8,146,3
138,9,147,4
138,10,148,5
138,11,149,4
138,12,150,5
138,13,151,4
138,14,152,3
138,15,153,1
138,16,154,1
138,17,155,1
138,18,156,2
138,19,157,2
138,20,158,2
138,21,159,2
138,22,160,3
138,23,161,4
138,24,162,3
138,25,163,1
138,26,164,5
138,27,165,3
138,28,166,1
138,29,167,2
138,30,168,4
138,31,169,2
138,32,170,1
138,33,171,2
138,35,173,1
138,36,174,3
138,37,175,1
138,38,176,2
138,39,177,3
138,40,178,1
138,41,179,2
138,42,180,3
138,43,181,1
138,44,182,1
138,45,183,3
138,46,184,2
138,47,185,1
138,48,186,1
138,51,189,1
138,54,192,1
138,57,195,1
138,60,198,1
138,61,199,1
138,62,200,1
138,63,201,1
139,5,144,2
139,6,145,2
139,7,146,4
139,8,147,3
139,9,148,4
139,10,149,4
139,11,150,5
139,12,151,4
139,13,152,3
139,14,153,4
139,15,154,2
139,16,155,3
139,17,156,4
139,18,157,3
139,19,158,4
139,20,159,2
139,21,160,3
139,22,161,3
139,23,162,3
139,24,163,2
139,25,164,5
139,26,165,4
139,27,166,2
139,28,167,2
139,29,168,3
139,31,170,1
139,32,171,4
139,34,173,2
139,35,174,4
139,36,175,2
139,37,176,3
139,38,177,3
139,39,178,1
139,40,179,2
139,41,180,3
139,42,181,1
139,43,182,1
139,44,183,2
139,45,184,1
139,47,186,1
139,50,189,2
139,51,190,1
139,52,191,1
139,53,192,1
139,56,195,1
139,59,198,1
139,60,199,1
139,61,200,1
140,4,144,1
140,5,145,1
140,6,146,4
140,7,147,2
140,8,148,4
140,9,149,3
140,10,150,6
140,11,151,4
140,12,152,4
140,13,153,4
140,14,154,3
140,15,155,3
140,16,156,3
140,17,157,4
140,18,158,3
140,19,159,4
140,20,160,3
140,21,161,3
140,22,162,5
140,23,163,1
140,24,164,3
140,25,165,3
140,27,167,3
140,28,168,3
140,30,170,3
140,31,171,4
140,32,172,1
140,33,173,2
140,34,174,4
140,35,175,2
140,36,176,2
140,37,177,3
140,38,178,2
140,39,179,1
140,40,180,2
140,42,182,1
140,43,183,2
140,46,186,2
140,47,187,1
140,48,188,1
140,49,189,3
140,50,190,2
140,51,191,2
140,52,192,2
140,53,193,1
140,54,194,1
140,55,195,1
140,58,198,1
141,3,144,1
141,4,145,1
141,5,146,3
141,6,147,2
141,7,148,5
141,8,149,1
141,9,150,7
141,10,151,5
141,11,152,5
141,12,153,4
141,13,154,4
141,14,155,2
141,15,156,2
141,16,157,4
141,17,158,1
141,18,159,4
141,19,160,3
141,20,161,5
141,21,162,5
141,22,163,3
141,23,164,3
141,24,165,1
141,25,166,1
141,26,167,2
141,27,168,3
141,28,169,1
141,29,170,3
141,30,171,4
141,31,172,1
141,32,173,1
141,33,174,5
141,34,175,2
141,35,176,3
141,36,177,5
141,37,178,3
141,38,179,3
141,39,180,4
141,40,181,1
141,41,182,2
141,42,183,3
141,43,184,1
141,44,185,3
141,45,186,3
141,46,187,2
141,47,188,1
141,48,189,2
141,49,190,2
141,50,191,1
141,51,192,2
141,52,193,1
141,53,194,1
141,54,195,1
141,57,198,1
141,60,201,1
142,2,144,1
142,3,145,1
142,4,146,2
142,5,147,1
142,6,148,3
142,7,149,2
142,8,150,7
142,9,151,5
142,10,152,4
142,11,153,4
142,12,154,3
142,14,156,2
142,15,157,3
142,16,158,2
142,17,159,4
142,18,160,4
142,19,161,4
142,20,162,4
142,21,163,3
142,22,164,2
142,23,165,1
142,24,166,2
142,25,167,2
142,26,168,3
142,28,170,3
142,29,171,4
142,31,173,3
142,32,174,4
142,33,175,1
142,34,176,4
142,35,177,5
142,36,178,3
142,37,179,3
142,38,180,3
142,39,181,2
142,40,182,2
142,41,183,3
142,42,184,1
142,43,185,2
142,44,186,3
142,45,187,2
142,47,189,1
142,50,192,3
142,51,193,1
142,52,194,1
142,53,195,1
142,55,197,1
142,56,198,1
142,59,201,1
143,3,146,1
143,5,148,1
143,6,149,2
143,7,150,5
143,8,151,4
143,9,152,4
143,10,153,3
143,11,154,3
143,12,155,2
143,13,156,4
143,14,157,4
143,15,158,3
143,16,159,3
143,17,160,5
143,18,161,4
143,19,162,3
143,21,164,2
143,22,165,3
143,23,166,4
143,24,167,4
143,25,168,2
143,26,169,2
143,27,170,5
143,28,171,3
143,30,173,3
143,31,174,4
143,32,175,2
143,33,176,2
143,34,177,4
143,35,178,2
143,36,179,1
143,37,180,2
143,39,182,1
143,40,183,3
143,42,185,1
143,43,186,2
143,45,188,1
143,46,189,2
143,47,190,1
143,48,191,1
143,49,192,3
143,50,193,2
143,51,194,2
143,52,195,1
143,55,198,1
143,56,199,1
143,58,201,1
144,4,148,2
144,5,149,2
144,6,150,4
144,7,151,2
144,8,152,3
144,9,153,2
144,10,154,4
144,11,155,4
144,12,156,5
144,13,157,4
144,14,158,3
144,15,159,1
144,16,160,3
144,17,161,2
144,18,162,3
144,20,164,3
144,21,165,4
144,22,166,4
144,23,167,5
144,24,168,3
144,25,169,2
144,26,170,4
144,27,171,3
144,29,173,3
144,30,174,4
144,31,175,1
144,32,176,2
144,33,177,4
144,35,179,1
144,36,180,3
144,37,181,1
144,38,182,2
144,39,183,3
144,40,184,1
144,41,185,2
144,42,186,2
144,44,188,1
144,45,189,2
144,46,190,2
144,47,191,1
144,48,192,2
144,49,193,1
144,51,195,1
144,54,198,2
144,55,199,1
144,56,200,1
144,57,201,2
145,3,148,1
145,4,149,1
145,5,150,3
145,6,151,1
145,8,153,1
145,9,154,4
145,10,155,3
145,11,156,5
145,12,157,3
145,13,158,3
145,14,159,1
145,15,160,2
145,16,161,1
145,17,162,3
145,18,163,2
145,19,164,2
145,20,165,3
145,21,166,3
145,22,167,3
145,23,168,3
145,24,169,2
145,25,170,2
145,26,171,2
145,28,173,3
145,29,174,4
145,31,176,2
145,32,177,3
145,34,179,3
145,35,180,5
145,36,181,3
145,37,182,3
145,38,183,4
145,39,184,2
145,40,185,2
145,41,186,2
145,43,188,1
145,44,189,2
145,46,191,1
145,47,192,2
145,50,195,2
145,51,196,1
145,52,197,1
145,53,198,2
145,54,199,1
145,55,200,1
145,56,201,1
146,4,150,1
146,6,152,1
146,7,153,2
146,8,154,5
146,9,155,2
146,10,156,4
146,11,157,3
146,12,158,3
146,13,159,2
146,14,160,2
146,16,162,2
146,17,163,3
146,18,164,2
146,19,165,3
146,20,166,3
146,21,167,3
146,22,168,6
146,23,169,4
146,24,170,3
146,25,171,2
146,26,172,1
146,27,173,2
146,28,174,3
146,30,176,4
146,31,177,3
146,33,179,3
146,34,180,5
146,35,181,3
146,36,182,2
146,37,183,3
146,38,184,1
146,39,185,2
146,40,186,2
146,42,188,1
146,43,189,2
146,45,191,1
146,46,192,2
146,48,194,1
146,49,195,3
146,50,196,2
146,51,197,1
146,52,198,1
146,55,201,1
147,5,152,2
147,6,153,1
147,7,154,5
147,8,155,1
147,9,156,2
147,10,157,2
147,11,158,1
147,12,159,3
147,13,160,2
147,14,161,1
147,15,162,3
147,16,163,4
147,17,164,5
147,18,165,4
147,19,166,3
147,20,167,4
147,21,168,6
147,22,169,5
147,23,170,4
147,24,171,2
147,25,172,3
147,26,173,2
147,27,174,2
147,28,175,1
147,29,176,3
147,30,177,3
147,32,179,3
147,33,180,4
147,34,181,1
147,35,182,2
147,36,183,5
147,37,184,1
147,38,185,2
147,39,186,3
147,40,187,1
147,41,188,2
147,42,189,2
147,44,191,1
147,45,192,2
147,47,194,1
147,48,195,3
147,49,196,2
147,50,197,1
147,51,198,2
147,52,199,1
147,54,201,2
148,4,152,1
148,6,154,3
148,8,156,2
148,9,157,1
148,10,158,2
148,11,159,4
148,12,160,4
148,13,161,3
148,14,162,3
148,15,163,5
148,16,164,4
148,17,165,4
148,18,166,6
148,19,167,4
148,20,168,3
148,21,169,3
148,22,170,2
148,23,171,2
148,24,172,2
148,25,173,2
148,26,174,2
148,27,175,1
148,28,176,3
148,29,177,2
148,31,179,5
148,32,180,5
148,33,181,2
148,34,182,5
148,35,183,6
148,36,184,3
148,37,185,3
148,38,186,3
148,39,187,1
148,40,188,1
148,41,189,2
148,42,190,1
148,43,191,1
148,44,192,2
148,46,194,1
148,47,195,3
148,48,196,1
148,49,197,1
148,50,198,3
148,51,199,2
148,52,200,1
148,53,201,2
149,5,154,1
149,6,155,1
149,7,156,2
149,8,157,1
149,9,158,4
149,10,159,3
149,11,160,6
149,12,161,3
149,13,162,3
149,14,163,5
149,15,164,2
149,16,165,3
149,17,166,6
149,18,167,3
149,19,168,4
149,20,169,2
149,21,170,2
149,22,171,2
149,23,172,2
149,24,173,3
149,25,174,3
149,26,175,2
149,27,176,4
149,28,177,2
149,29,178,2
149,30,179,4
149,31,180,4
149,32,181,2
149,33,182,4
149,34,183,5
149,35,184,2
149,36,185,1
149,37,186,3
149,39,188,1
149,40,189,3
149,41,190,1
149,42,191,2
149,43,192,3
149,44,193,1
149,45,194,2
149,46,195,3
149,47,196,1
149,48,197,3
149,49,198,3
149,50,199,2
149,51,200,1
149,52,201,1
150,5,155,1
150,6,156,1
150,7,157,2
150,8,158,2
150,9,159,1
150,10,160,4
150,11,161,3
150,12,162,5
150,13,163,5
150,14,164,1
150,15,165,3
150,16,166,5
150,17,167,1
150,18,168,3
150,19,169,2
150,20,170,2
150,21,171,4
150,22,172,4
150,23,173,3
150,24,174,6
150,25,175,4
150,26,176,4
150,27,177,2
150,28,178,1
150,29,179,3
150,30,180,4
150,32,182,3
150,33,183,4
150,35,185,2
150,36,186,3
150,38,188,3
150,39,189,4
150,40,190,2
150,41,191,2
150,42,192,2
150,43,193,2
150,44,194,2
150,45,195,3
150,46,196,1
150,47,197,2
150,48,198,3
150,49,199,2
150,51,201,1
151,6,157,1
151,9,160,1
151,10,161,3
151,11,162,6
151,12,163,4
151,13,164,3
151,14,165,3
151,15,166,4
151,16,167,2
151,17,168,2
151,18,169,2
151,19,170,1
151,20,171,3
151,21,172,3
151,22,173,3
151,23,174,5
151,24,175,2
151,25,176,2
151,26,177,1
151,27,178,1
151,28,179,2
151,29,180,3
151,30,181,1
151,31,182,4
151,32,183,3
151,34,185,3
151,35,186,4
151,36,187,2
151,37,188,2
151,38,189,4
151,39,190,2
151,40,191,1
151,41,192,2
151,43,194,1
151,44,195,3
151,46,197,1
151,47,198,2
151,49,200,1
151,50,201,2
152,8,160,1
152,9,161,3
152,10,162,4
152,11,163,3
152,12,164,3
152,13,165,2
152,14,166,3
152,15,167,1
152,16,168,3
152,17,169,4
152,18,170,1
152,19,171,1
152,20,172,2
152,21,173,2
152,22,174,4
152,23,175,2
152,24,176,2
152,25,177,3
152,26,178,4
152,27,179,4
152,28,180,2
152,29,181,1
152,30,182,3
152,31,183,3
152,32,184,1
152,33,185,4
152,34,186,5
152,35,187,2
152,36,188,3
152,37,189,5
152,38,190,1
152,39,191,1
152,40,192,3
152,41,193,1
152,42,194,2
152,43,195,3
152,44,196,1
152,45,197,2
152,46,198,2
152,48,200,1
152,49,201,2
153,7,160,1
153,8,161,2
153,9,162,1
153,10,163,2
153,11,164,1
153,12,165,1
153,13,166,1
153,15,168,5
153,16,169,3
153,17,170,2
153,18,171,4
153,19,172,5
153,20,173,3
153,21,174,4
153,22,175,3
153,23,176,3
153,24,177,4
153,25,178,4
153,26,179,3
153,27,180,1
153,28,181,2
153,29,182,3
153,30,183,2
153,31,184,1
153,32,185,4
153,33,186,5
153,34,187,1
153,35,188,3
153,36,189,4
153,37,190,1
153,38,191,2
153,39,192,4
153,40,193,2
153,41,194,2
153,42,195,3
153,43,196,1
153,44,197,1
153,45,198,2
153,47,200,1
153,48,201,2
154,6,160,1
154,7,161,1
154,8,162,1
154,9,163,3
154,10,164,3
154,11,165,4
154,12,166,3
154,13,167,4
154,14,168,6
154,15,169,4
154,16,170,4
154,17,171,6
154,18,172,5
154,19,173,2
154,20,174,4
154,21,175,2
154,22,176,2
154,23,177,3
154,24,178,1
154,25,179,1
154,26,180,2
154,28,182,4
154,29,183,3
154,30,184,2
154,31,185,4
154,32,186,4
154,33,187,1
154,34,188,5
154,35,189,4
154,36,190,1
154,37,191,2
154,38,192,4
154,39,193,2
154,40,194,1
154,41,195,2
154,43,197,1
154,44,198,3
154,45,199,1
154,46,200,2
154,47,201,3
155,5,160,1
155,6,161,1
155,7,162,2
155,8,163,2
155,9,164,5
155,10,165,6
155,11,166,4
155,12,167,6
155,13,168,4
155,14,169,4
155,15,170,3
155,16,171,6
155,17,172,2
155,18,173,1
155,19,174,3
155,20,175,1
155,21,176,2
155,22,177,2
155,24,179,3
155,25,180,4
155,26,181,1
155,27,182,3
155,28,183,3
155,29,184,4
155,30,185,5
155,31,186,5
155,32,187,3
155,33,188,5
155,34,189,5
155,35,190,2
155,36,191,2
155,37,192,3
155,39,194,1
155,40,195,4
155,42,197,2
155,43,198,4
155,44,199,2
155,45,200,3
155,46,201,3
156,5,161,1
156,6,162,2
156,7,163,1
156,8,164,5
156,9,165,4
156,10,166,3
156,11,167,4
156,12,168,4
156,13,169,3
156,14,170,3
156,15,171,5
156,16,172,3
156,17,173,2
156,18,174,2
156,19,175,2
156,20,176,1
156,21,177,2
156,22,178,2
156,23,179,3
156,24,180,5
156,25,181,4
156,26,182,1
156,27,183,4
156,28,184,3
156,29,185,4
156,30,186,6
156,31,187,3
156,32,188,5
156,33,189,5
156,34,190,1
156,35,191,4
156,36,192,4
156,37,193,1
156,38,194,4
156,39,195,5
156,40,196,2
156,41,197,3
156,42,198,4
156,43,199,2
156,44,200,2
156,45,201,3
157,3,160,1
157,4,161,1
157,5,162,2
157,6,163,2
157,7,164,4
157,8,165,2
157,9,166,4
157,10,167,5
157,11,168,6
157,12,169,5
157,13,170,6
157,14,171,7
157,15,172,4
157,16,173,2
157,17,174,4
157,18,175,4
157,19,176,3
157,20,177,4
157,21,178,4
157,22,179,6
157,23,180,7
157,24,181,4
157,25,182,3
157,26,183,4
157,27,184,3
157,28,185,5
157,29,186,4
157,30,187,3
157,31,188,5
157,32,189,4
157,33,190,2
157,34,191,4
157,35,192,4
157,36,193,2
157,37,194,4
157,38,195,5
157,39,196,2
157,40,197,1
157,41,198,4
157,42,199,1
157,43,200,2
157,44,201,4
158,2,160,1
158,3,161,1
158,4,162,2
158,5,163,1
158,6,164,3
158,7,165,3
158,8,166,5
158,9,167,5
158,10,168,5
158,11,169,8
158,12,170,6
158,13,171,6
158,14,172,3
158,15,173,3
158,16,174,5
158,17,175,3
158,18,176,4
158,19,177,6
158,20,178,4
158,21,179,6
158,22,180,4
158,23,181,2
158,24,182,5
158,25,183,4
158,26,184,4
158,27,185,3
158,28,186,3
158,29,187,3
158,30,188,3
158,31,189,2
158,32,190,1
158,33,191,3
158,34,192,4
158,36,194,3
158,37,195,4
158,39,197,2
158,40,198,3
158,42,200,3
158,43,201,4
159,3,162,1
159,5,164,1
159,6,165,2
159,7,166,4
159,8,167,2
159,9,168,3
159,10,169,5
159,11,170,4
159,12,171,3
159,13,172,1
159,14,173,3
159,15,174,5
159,16,175,4
159,17,176,4
159,18,177,4
159,19,178,3
159,20,179,4
159,21,180,2
159,22,181,2
159,23,182,4
159,24,183,4
159,25,184,4
159,26,185,1
159,27,186,3
159,29,188,3
159,30,189,3
159,31,190,2
159,32,191,4
159,33,192,4
159,34,193,2
159,35,194,5
159,36,195,4
159,38,197,3
159,39,198,4
159,40,199,2
159,41,200,2
159,42,201,4
160,4,164,1
160,5,165,1
160,6,166,2
160,8,168,4
160,9,169,1
160,10,170,4
160,11,171,3
160,12,172,2
160,13,173,5
160,14,174,4
160,15,175,7
160,16,176,5
160,17,177,3
160,18,178,4
160,19,179,3
160,20,180,4
160,21,181,4
160,22,182,2
160,23,183,4
160,24,184,3
160,25,185,2
160,26,186,6
160,28,188,3
160,29,189,4
160,30,190,3
160,31,191,5
160,32,192,4
160,33,193,2
160,34,194,4
160,35,195,4
160,37,197,3
160,38,198,4
160,39,199,1
160,40,200,2
160,41,201,4
161,3,164,1
161,4,165,1
161,5,166,1
161,7,168,4
161,8,169,2
161,9,170,5
161,10,171,4
161,11,172,5
161,12,173,5
161,13,174,5
161,14,175,6
161,15,176,4
161,16,177,3
161,17,178,4
161,18,179,2
161,19,180,5
161,20,181,2
161,21,182,2
161,22,183,2
161,23,184,2
161,24,185,4
161,25,186,6
161,26,187,3
161,27,188,4
161,28,189,5
161,29,190,3
161,30,191,3
161,31,192,4
161,32,193,3
161,33,194,3
161,34,195,3
161,36,197,3
161,37,198,4
161,39,200,2
161,40,201,3
162,6,168,2
162,7,169,2
162,8,170,5
162,9,171,3
162,10,172,4
162,11,173,3
162,12,174,6
162,13,175,5
162,14,176,6
162,15,177,3
162,16,178,3
162,17,179,3
162,18,180,4
162,19,181,2
162,20,182,3
162,22,184,3
162,23,185,4
162,24,186,4
162,25,187,2
162,26,188,3
162,27,189,6
162,28,190,5
162,29,191,4
162,30,192,5
162,31,193,3
162,32,194,4
162,33,195,4
162,34,196,1
162,35,197,3
162,36,198,3
162,38,200,4
162,39,201,3
163,5,168,1
163,6,169,1
163,7,170,4
163,8,171,2
163,9,172,5
163,10,173,3
163,11,174,5
163,12,175,4
163,13,176,5
163,14,177,5
163,15,178,6
163,16,179,3
163,17,180,1
163,18,181,2
163,19,182,1
163,20,183,2
163,21,184,3
163,22,185,4
163,23,186,3
163,24,187,1
163,25,188,5
163,26,189,4
163,27,190,4
163,28,191,6
163,29,192,4
163,30,193,3
163,31,194,4
163,32,195,2
163,33,196,2
163,34,197,3
163,35,198,3
163,36,199,1
163,37,200,3
163,38,201,3
164,4,168,2
164,5,169,1
164,6,170,3
164,7,171,2
164,8,172,6
164,9,173,3
164,10,174,4
164,11,175,4
164,12,176,3
164,13,177,5
164,14,178,7
164,15,179,4
164,16,180,2
164,17,181,2
164,18,182,2
164,19,183,3
164,20,184,3
164,21,185,5
164,22,186,3
164,23,187,2
164,24,188,5
164,25,189,4
164,26,190,4
164,27,191,4
164,28,192,5
164,29,193,3
164,30,194,3
164,31,195,3
164,32,196,1
164,33,197,3
164,34,198,4
164,35,199,1
164,36,200,3
164,37,201,3
165,3,168,1
165,4,169,1
165,5,170,3
165,6,171,1
165,7,172,3
165,8,173,1
165,9,174,3
165,10,175,3
165,11,176,3
165,12,177,4
165,13,178,5
165,14,179,5
165,15,180,4
165,16,181,4
165,17,182,4
165,18,183,3
165,19,184,3
165,20,185,3
165,21,186,3
165,22,187,3
165,23,188,3
165,24,189,5
165,25,190,3
165,26,191,3
165,27,192,6
165,29,194,3
165,30,195,3
165,31,196,1
165,32,197,5
165,33,198,4
165,34,199,2
165,35,200,4
165,36,201,3
166,4,170,1
166,5,171,1
166,6,172,2
166,7,173,1
166,8,174,3
166,10,176,3
166,11,177,4
166,12,178,4
166,13,179,4
166,14,180,4
166,15,181,4
166,16,182,2
166,17,183,2
166,18,184,5
166,19,185,3
166,20,186,3
166,21,187,4
166,22,188,4
166,23,189,4
166,24,190,1
166,25,191,3
166,26,192,4
166,27,193,1
166,28,194,4
166,29,195,4
166,30,196,4
166,31,197,4
166,32,198,6
166,33,199,4
166,34,200,4
166,35,201,3
167,5,172,2
167,6,173,2
167,7,174,2
167,9,176,3
167,10,177,2
167,11,178,3
167,12,179,3
167,13,180,4
167,14,181,3
167,15,182,1
167,16,183,1
167,17,184,3
167,18,185,3
167,19,186,4
167,20,187,4
167,21,188,5
167,22,189,2
167,23,190,1
167,24,191,3
167,25,192,3
167,26,193,2
167,27,194,4
167,28,195,6
167,29,196,6
167,30,197,4
167,31,198,5
167,32,199,2
167,33,200,4
167,34,201,3
168,4,172,1
168,5,173,1
168,6,174,1
168,8,176,2
168,9,177,1
168,10,178,4
168,11,179,3
168,12,180,4
168,13,181,3
168,14,182,3
168,15,183,3
168,16,184,3
168,17,185,3
168,18,186,2
168,19,187,3
168,20,188,4
168,21,189,3
168,22,190,3
168,23,191,2
168,24,192,3
168,25,193,1
168,26,194,4
168,27,195,4
168,28,196,3
168,29,197,4
168,30,198,4
168,31,199,1
168,32,200,4
168,33,201,3
169,7,176,2
169,8,177,2
169,9,178,4
169,10,179,3
169,11,180,3
169,12,181,3
169,13,182,5
169,14,183,6
169,15,184,5
169,16,185,3
169,17,186,2
169,18,187,2
169,19,188,1
169,20,189,4
169,21,190,2
169,22,191,2
169,23,192,4
169,24,193,1
169,25,194,6
169,26,195,4
169,27,196,2
169,28,197,5
169,29,198,5
169,30,199,2
169,31,200,5
169,32,201,4
170,6,176,2
170,7,177,2
170,8,178,2
170,9,179,1
170,10,180,3
170,11,181,2
170,12,182,5
170,13,183,6
170,14,184,3
170,15,185,2
170,16,186,1
170,17,187,2
170,18,188,2
170,19,189,1
170,20,190,2
170,21,191,2
170,22,192,3
170,23,193,3
170,24,194,5
170,25,195,4
170,26,196,3
170,27,197,5
170,28,198,6
170,29,199,2
170,30,200,3
170,31,201,4
171,5,176,2
171,6,177,2
171,7,178,3
171,8,179,1
171,9,180,3
171,11,182,5
171,12,183,4
171,13,184,2
171,14,185,4
171,15,186,1
171,16,187,3
171,17,188,4
171,18,189,3
171,19,190,7
171,20,191,3
171,21,192,3
171,22,193,3
171,23,194,4
171,24,195,5
171,25,196,3
171,26,197,5
171,27,198,6
171,28,199,2
171,29,200,3
171,30,201,3
172,4,176,2
172,5,177,2
172,6,178,3
172,7,179,2
172,8,180,5
172,9,181,2
172,10,182,6
172,11,183,2
172,12,184,2
172,13,185,4
172,14,186,2
172,15,187,3
172,16,188,2
172,17,189,4
172,18,190,5
172,19,191,5
172,20,192,5
172,21,193,4
172,22,194,6
172,23,195,3
172,24,196,4
172,25,197,6
172,26,198,4
172,27,199,2
172,28,200,4
172,29,201,4
173,3,176,1
173,4,177,1
173,5,178,2
173,6,179,1
173,7,180,3
173,8,181,3
173,9,182,5
173,10,183,2
173,11,184,2
173,12,185,3
173,13,186,3
173,14,187,2
173,15,188,3
173,16,189,3
173,17,190,4
173,18,191,6
173,19,192,5
173,20,193,5
173,21,194,6
173,22,195,4
173,23,196,6
173,24,197,5
173,25,198,3
173,26,199,2
173,27,200,6
173,28,201,6
174,4,178,1
174,6,180,2
174,7,181,2
174,8,182,2
174,9,183,4
174,10,184,2
174,11,185,3
174,12,186,4
174,13,187,1
174,14,188,5
174,15,189,3
174,16,190,8
174,17,191,8
174,18,192,4
174,19,193,6
174,20,194,4
174,21,195,4
174,22,196,6
174,23,197,3
174,24,198,4
174,25,199,3
174,26,200,6
174,27,201,5
175,5,180,3
175,6,181,2
175,7,182,3
175,8,183,3
175,9,184,1
175,10,185,2
175,11,186,3
175,12,187,1
175,13,188,5
175,14,189,2
175,15,190,7
175,16,191,5
175,17,192,4
175,18,193,6
175,19,194,4
175,20,195,2
175,21,196,4
175,22,197,2
175,23,198,4
175,24,199,4
175,25,200,4
175,26,201,4
176,4,180,1
176,5,181,1
176,6,182,3
176,7,183,1
176,9,185,1
176,10,186,2
176,11,187,1
176,12,188,5
176,13,189,3
176,14,190,5
176,15,191,3
176,16,192,5
176,17,193,3
176,18,194,4
176,19,195,2
176,20,196,5
176,21,197,4
176,22,198,3
176,23,199,5
176,24,200,5
176,25,201,5
177,5,182,1
177,7,184,1
177,8,185,1
177,9,186,2
177,10,187,1
177,11,188,3
177,12,189,2
177,13,190,3
177,14,191,2
177,15,192,3
177,16,193,3
177,17,194,3
177,18,195,3
177,19,196,5
177,20,197,3
177,21,198,4
177,22,199,6
177,23,200,5
177,24,201,3
178,6,184,2
178,7,185,1
178,8,186,2
178,9,187,1
178,10,188,2
178,12,190,1
178,13,191,1
178,14,192,2
178,15,193,5
178,16,194,5
178,17,195,5
178,18,196,5
178,19,197,3
178,20,198,4
178,21,199,5
178,22,200,5
178,23,201,3
179,5,184,1
179,6,185,1
179,7,186,2
179,9,188,1
179,11,190,1
179,12,191,2
179,13,192,3
179,14,193,3
179,15,194,5
179,16,195,3
179,17,196,6
179,18,197,5
179,19,198,3
179,20,199,6
179,21,200,4
179,22,201,4
180,6,186,1
180,7,187,1
180,8,188,2
180,9,189,1
180,10,190,2
180,11,191,2
180,12,192,3
180,13,193,2
180,14,194,5
180,15,195,3
180,16,196,7
180,17,197,6
180,18,198,5
180,19,199,10
180,20,200,6
180,21,201,4
181,6,187,1
181,7,188,2
181,8,189,2
181,9,190,2
181,10,191,1
181,11,192,2
181,12,193,3
181,13,194,3
181,14,195,4
181,15,196,8
181,16,197,6
181,17,198,6
181,18,199,8
181,19,200,4
182,7,189,1
182,8,190,1
182,11,193,2
182,12,194,2
182,13,195,3
182,14,196,5
182,15,197,7
182,16,198,6
182,17,199,5
182,18,200,3
183,9,192,1
183,10,193,2
183,11,194,3
183,12,195,2
183,13,196,3
183,14,197,6
183,15,198,4
183,16,199,4
183,17,200,3
184,8,192,2
184,9,193,2
184,10,194,2
184,11,195,1
184,12,196,3
184,13,197,3
184,14,198,4
184,15,199,3
184,16,200,4
185,7,192,1
185,8,193,1
185,9,194,1
185,11,196,1
185,12,197,2
185,13,198,4
185,14,199,2
185,15,200,8
186,9,195,1
186,11,197,3
186,12,198,3
186,13,199,2
186,14,200,8
187,6,193,1
187,7,194,1
187,8,195,2
187,9,196,1
187,10,197,3
187,11,198,3
187,12,199,4
187,13,200,8
188,4,192,1
188,5,193,2
188,6,194,2
188,7,195,4
188,8,196,3
188,9,197,2
188,10,198,3
188,11,199,3
188,12,200,8
189,3,192,1
189,4,193,1
189,5,194,2
189,6,195,3
189,7,196,2
189,8,197,2
189,9,198,4
189,10,199,2
189,11,200,6
190,4,194,1
190,6,196,1
190,7,197,2
190,8,198,4
190,9,199,2
190,10,200,4
191,5,196,2
191,6,197,2
191,7,198,3
191,8,199,2
191,9,200,4
192,4,196,1
192,5,197,1
192,6,198,1
192,7,199,1
192,8,200,2
193,7,200,1
194,6,200,3
195,5,200,2
